codiabs,nom,casos des de l'1 juny,casos ultims 14 dies,homes(des de juny),dones(des de juny),poblacio,casos/100000 total,casos/100000 ultims 14 dies,
379,Sant Vicenç dels Horts 2,631.00,27.00,305.00,326.00,17381.00,3630.40,155.30,
138,Lleida 4 (Balàfia-Pardinyes-Secà de Sant Pere),753.00,30.00,335.00,418.00,27056.00,2783.10,110.90,
275,Badalona-4,151.00,21.00,63.00,88.00,12653.00,1193.40,166.00,
312,Sant Adrià de Besòs-2,318.00,41.00,174.00,144.00,16547.00,1921.80,247.80,
71,Barcelona-10A,364.00,41.00,162.00,202.00,36261.00,1003.80,113.10,
184,El Prat de Llobregat-3,191.00,25.00,79.00,112.00,12958.00,1474.00,192.90,
331,Barcelona-10J,295.00,50.00,136.00,159.00,22643.00,1302.80,220.80,
380,Vilanova i la Geltrú 3,102.00,23.00,48.00,54.00,18955.00,538.10,121.30,
16,Barcelona-1A,167.00,38.00,95.00,72.00,14565.00,1146.60,260.90,
72,Barcelona-10B,287.00,61.00,137.00,150.00,29047.00,988.10,210.00,
349,Mollet del Vallès-2 Oest,373.00,59.00,169.00,204.00,23859.00,1563.40,247.30,
258,Torroella de Montgrí,92.00,32.00,47.00,45.00,15512.00,593.10,206.30,
172,Palafrugell,162.00,30.00,80.00,82.00,30694.00,527.80,97.70,
98,Montserrat,129.00,27.00,59.00,70.00,13455.00,958.80,200.70,
251,Terrassa-E,778.00,196.00,377.00,401.00,63030.00,1234.30,311.00,
325,Pineda de Mar,221.00,41.00,119.00,102.00,30297.00,729.40,135.30,
143,Malgrat de Mar,121.00,10.00,51.00,70.00,27725.00,436.40,36.10,
340,Vila-seca,194.00,38.00,88.00,106.00,22097.00,877.90,172.00,
324,Vandellòs i l'Hospitalet de l'Infant,31.00,3.00,18.00,13.00,5894.00,526.00,50.90,
328,L'Aldea-Camarles-L'Ampolla,63.00,16.00,32.00,31.00,10327.00,610.10,154.90,
206,Sant Carles de la Ràpita,119.00,22.00,63.00,56.00,23898.00,497.90,92.10,
69,Barcelona-9E,261.00,24.00,123.00,138.00,15122.00,1726.00,158.70,
154,Mataró-3,374.00,78.00,167.00,207.00,18630.00,2007.50,418.70,
310,Rubí-2 Sud,632.00,130.00,291.00,341.00,40359.00,1565.90,322.10,
390,Sant Cugat del Vallès 3,217.00,66.00,111.00,106.00,26405.00,821.80,250.00,
23,Barcelona-2C,435.00,68.00,218.00,217.00,31068.00,1400.20,218.90,
136,Lleida 2 (Primer de Maig),908.00,56.00,392.00,516.00,25799.00,3519.50,217.10,
188,Riudoms,89.00,25.00,43.00,46.00,12623.00,705.10,198.10,
181,Ponts,44.00,7.00,20.00,24.00,3622.00,1214.80,193.30,
256,Tortosa-2 Oest,298.00,113.00,150.00,148.00,23562.00,1264.70,479.60,
4,Amposta,223.00,62.00,102.00,121.00,27621.00,807.40,224.50,
294,L'Hospitalet de Llobregat-7,1006.00,99.00,450.00,556.00,22329.00,4505.40,443.40,
292,L'Hospitalet de Llobregat-5,372.00,37.00,166.00,206.00,20206.00,1841.00,183.10,
38,Barcelona-3G,378.00,39.00,178.00,200.00,22906.00,1650.20,170.30,
123,Gavà-2,355.00,25.00,174.00,181.00,26254.00,1352.20,95.20,
262,Alt Camp Est,58.00,3.00,27.00,31.00,11844.00,489.70,25.30,
176,Penedès rural,231.00,22.00,111.00,120.00,33983.00,679.80,64.70,
261,Vallirana,179.00,28.00,78.00,101.00,23269.00,769.30,120.30,
369,Castelldefels 1,217.00,22.00,96.00,121.00,17290.00,1255.10,127.20,
306,Reus-4,294.00,72.00,140.00,154.00,21428.00,1372.00,336.00,
305,Reus-3,261.00,36.00,113.00,148.00,22605.00,1154.60,159.30,
354,La Selva del Camp,59.00,5.00,26.00,33.00,7228.00,816.30,69.20,
87,Les Borges del Camp,56.00,22.00,28.00,28.00,6698.00,836.10,328.50,
112,Cornudella de Montsant,13.00,1.00,9.00,4.00,2175.00,597.70,46.00,
86,Les Borges Blanques,281.00,73.00,142.00,139.00,15876.00,1770.00,459.80,
161,Pla d'Urgell,647.00,40.00,312.00,335.00,37936.00,1705.50,105.40,
201,Sant Andreu de la Barca,238.00,55.00,114.00,124.00,28033.00,849.00,196.20,
399,Castellbisbal,0.00,#N/D,0.00,0.00,#N/D,#N/D,#N/D,
149,Martorell,277.00,52.00,135.00,142.00,29586.00,936.30,175.80,
370,Castelldefels 2,103.00,15.00,39.00,64.00,12234.00,841.90,122.60,
168,Olesa de Montserrat,161.00,17.00,75.00,86.00,24001.00,670.80,70.80,
211,Navarcles-Sant Fruitós de Bages,237.00,24.00,101.00,136.00,23446.00,1010.80,102.40,
215,Sant Joan de Vilatorrada,209.00,11.00,93.00,116.00,13025.00,1604.60,84.50,
237,Súria,85.00,5.00,32.00,53.00,8777.00,968.40,57.00,
96,Cardona,58.00,7.00,23.00,35.00,5063.00,1145.60,138.30,
169,Alt Urgell Sud,26.00,1.00,9.00,17.00,3813.00,681.90,26.20,
236,Solsonès,74.00,13.00,33.00,41.00,12966.00,570.70,100.30,
402,Barcelona 8K,259.00,26.00,116.00,143.00,17800.00,1455.10,146.10,
156,Mataró-5,215.00,29.00,96.00,119.00,21720.00,989.90,133.50,
157,Mataró-6,252.00,41.00,121.00,131.00,15649.00,1610.30,262.00,
158,Mataró-7,140.00,21.00,67.00,73.00,14034.00,997.60,149.60,
214,Sant Joan Despí-2,225.00,31.00,112.00,113.00,13819.00,1628.20,224.30,
111,Cornellà de Llobregat-4,356.00,23.00,164.00,192.00,17057.00,2087.10,134.80,
202,Sant Boi de Llobregat-1,563.00,70.00,252.00,311.00,38865.00,1448.60,180.10,
229,Santa Margarida de Montbui,143.00,9.00,56.00,87.00,10338.00,1383.20,87.10,
269,Vilanova del Camí,149.00,44.00,68.00,81.00,12635.00,1179.30,348.20,
131,Anoia rural,91.00,8.00,36.00,55.00,10750.00,846.50,74.40,
383,Montcada i Reixac 1,397.00,31.00,183.00,214.00,18936.00,2096.50,163.70,
32,Barcelona-3A,454.00,61.00,243.00,211.00,24697.00,1838.30,247.00,
183,El Prat de Llobregat-2,326.00,59.00,160.00,166.00,30140.00,1081.60,195.80,
226,Santa Coloma de Gramanet-5,531.00,68.00,245.00,286.00,21182.00,2506.80,321.00,
274,Badalona-3,193.00,44.00,92.00,101.00,20573.00,938.10,213.90,
11,Artés,58.00,2.00,25.00,33.00,11157.00,519.90,17.90,
185,Lluçanès,65.00,27.00,23.00,42.00,5917.00,1098.50,456.30,
79,Barcelona-10I,198.00,26.00,90.00,108.00,12727.00,1555.70,204.30,
19,Barcelona-1D,824.00,170.00,501.00,323.00,29702.00,2774.20,572.40,
43,Barcelona-5B,469.00,49.00,204.00,265.00,35168.00,1333.60,139.30,
49,Barcelona-6C,211.00,41.00,81.00,130.00,21275.00,991.80,192.70,
101,Celrà,96.00,13.00,45.00,51.00,10082.00,952.20,128.90,
124,Girona-1,232.00,49.00,96.00,136.00,22722.00,1021.00,215.70,
217,Sant Quirze de Basora,111.00,34.00,61.00,50.00,4663.00,2380.40,729.10,
212,Sant Hipòlit de Voltregà,62.00,12.00,33.00,29.00,6972.00,889.30,172.10,
254,La Vall de Ges,247.00,47.00,127.00,120.00,18778.00,1315.40,250.30,
377,Rubí 3,131.00,43.00,59.00,72.00,9820.00,1334.00,437.90,
347,La Vall d'en Bas,52.00,6.00,30.00,22.00,6374.00,815.80,94.10,
127,Girona-4,239.00,52.00,114.00,125.00,15426.00,1549.30,337.10,
341,Badalona-7A,347.00,54.00,172.00,175.00,19618.00,1768.80,275.30,
74,Barcelona-10D,639.00,65.00,339.00,300.00,27921.00,2288.60,232.80,
241,Tarragona-3,208.00,47.00,93.00,115.00,30846.00,674.30,152.40,
320,Barberà del Vallès,272.00,34.00,122.00,150.00,32951.00,825.50,103.20,
197,Sabadell-6,584.00,72.00,270.00,314.00,30823.00,1894.70,233.60,
267,Vilafant,133.00,29.00,59.00,74.00,14374.00,925.30,201.80,
133,La Jonquera,57.00,22.00,27.00,30.00,7086.00,804.40,310.50,
119,Figueres,733.00,81.00,327.00,406.00,49512.00,1480.40,163.60,
177,Perelada,47.00,4.00,19.00,28.00,7335.00,640.80,54.50,
134,Llançà,31.00,2.00,12.00,19.00,6726.00,460.90,29.70,
334,Almacelles,252.00,5.00,125.00,127.00,8930.00,2821.90,56.00,
255,Tortosa-1 Est,341.00,133.00,170.00,171.00,23056.00,1479.00,576.90,
178,L'Ametlla de Mar-El Perelló,25.00,7.00,14.00,11.00,9177.00,272.40,76.30,
246,Terra Alta,68.00,27.00,38.00,30.00,10967.00,620.00,246.20,
329,Lleida rural-2 Sud,233.00,11.00,117.00,116.00,7478.00,3115.80,147.10,
140,Lleida 6 (Bordeta-Magraners),377.00,30.00,174.00,203.00,16759.00,2249.50,179.00,
129,La Granadella,22.00,1.00,12.00,10.00,2400.00,916.70,41.70,
120,Flix,88.00,2.00,44.00,44.00,7349.00,1197.40,27.20,
165,Móra la Nova-Móra d'Ebre,120.00,30.00,57.00,63.00,14035.00,855.00,213.80,
163,Mont-roig del Camp,93.00,23.00,42.00,51.00,13029.00,713.80,176.50,
118,Falset,161.00,92.00,60.00,101.00,6620.00,2432.00,1389.70,
14,Balaguer,935.00,50.00,458.00,477.00,28076.00,3330.20,178.10,
12,Artesa de Segre,45.00,3.00,25.00,20.00,4041.00,1113.60,74.20,
339,Salou,290.00,57.00,162.00,128.00,26647.00,1088.30,213.90,
91,Cambrils,198.00,61.00,94.00,104.00,34032.00,581.80,179.20,
353,Vilassar de Dalt,111.00,21.00,63.00,48.00,16024.00,692.70,131.10,
362,Ocata-Teià,140.00,25.00,68.00,72.00,14745.00,949.50,169.50,
361,"Masnou, el-Alella",192.00,29.00,97.00,95.00,24050.00,798.30,120.60,
319,Montgat,189.00,22.00,100.00,89.00,20045.00,942.90,109.80,
150,Martorelles,122.00,26.00,55.00,67.00,14274.00,854.70,182.10,
144,Manlleu,406.00,147.00,196.00,210.00,20938.00,1939.10,702.10,
300,La Llagosta,266.00,34.00,132.00,134.00,13882.00,1916.20,244.90,
230,Santa Perpètua de Mogoda,268.00,38.00,142.00,126.00,25445.00,1053.30,149.30,
392,Polinyà-Sentmenat,147.00,16.00,74.00,73.00,17143.00,857.50,93.30,
359,Cubelles-Cunit,235.00,89.00,101.00,134.00,27448.00,856.20,324.20,
13,El Vendrell,332.00,45.00,156.00,176.00,47252.00,702.60,95.20,
357,Calafell,201.00,91.00,78.00,123.00,24989.00,804.40,364.20,
394,Roquetes-Canyelles,120.00,27.00,52.00,68.00,18491.00,649.00,146.00,
235,Sitges,245.00,20.00,125.00,120.00,25321.00,967.60,79.00,
366,Santa Coloma de Gramenet 6,270.00,28.00,129.00,141.00,28489.00,947.70,98.30,
265,Viladecans-1,308.00,39.00,150.00,158.00,24164.00,1274.60,161.40,
122,Gavà-1,273.00,33.00,121.00,152.00,19487.00,1400.90,169.30,
401,Viladecans 3,336.00,77.00,167.00,169.00,23510.00,1429.20,327.50,
393,Ribes-Olivella,129.00,19.00,71.00,58.00,19128.00,674.40,99.30,
373,Alt Mogent,143.00,10.00,57.00,86.00,6921.00,2066.20,144.50,
375,Lleida 7 (Onze de Setembre),110.00,21.00,54.00,56.00,12673.00,868.00,165.70,
374,Begues,178.00,31.00,76.00,102.00,21226.00,838.60,146.00,
367,Abrera,141.00,29.00,67.00,74.00,11422.00,1234.50,253.90,
160,Molins de Rei,316.00,60.00,123.00,193.00,29941.00,1055.40,200.40,
363,Sant Quirze del Vallès,144.00,21.00,62.00,82.00,18110.00,795.10,116.00,
81,Bellpuig,150.00,18.00,74.00,76.00,7149.00,2098.20,251.80,
245,Tàrrega,354.00,35.00,173.00,181.00,23779.00,1488.70,147.20,
106,Cervera,495.00,81.00,217.00,278.00,20788.00,2381.20,389.60,
88,Calaf,45.00,6.00,21.00,24.00,6769.00,664.80,88.60,
403,Barcelona 8L,444.00,42.00,207.00,237.00,29414.00,1509.50,142.80,
113,Deltebre,70.00,18.00,39.00,31.00,14934.00,468.70,120.50,
167,Navàs-Balsareny,106.00,20.00,47.00,59.00,9582.00,1106.20,208.70,
200,Sallent,85.00,1.00,37.00,48.00,6684.00,1271.70,15.00,
314,Baix Penedès interior,79.00,25.00,38.00,41.00,15102.00,523.10,165.50,
333,Alt Camp Oest,19.00,4.00,7.00,12.00,6266.00,303.20,63.80,
263,Valls urbà,193.00,9.00,102.00,91.00,27243.00,708.40,33.00,
125,Girona-2,778.00,140.00,376.00,402.00,32952.00,2361.00,424.90,
10,Argentona,154.00,45.00,73.00,81.00,17754.00,867.40,253.50,
164,Montornès-Montmeló,425.00,57.00,193.00,232.00,33005.00,1287.70,172.70,
355,"Roca del Vallès, la",93.00,21.00,47.00,46.00,10398.00,894.40,202.00,
286,Granollers-3 Centre Est,515.00,73.00,259.00,256.00,29228.00,1762.00,249.80,
234,Sils-Vidreres-Maçanet de la Selva,152.00,32.00,67.00,85.00,22804.00,666.50,140.30,
115,Esparreguera,233.00,31.00,106.00,127.00,27678.00,841.80,112.00,
360,Martorell Rural,233.00,31.00,118.00,115.00,27407.00,850.10,113.10,
337,Capellades,93.00,12.00,44.00,49.00,10409.00,893.50,115.30,
338,Piera,112.00,10.00,54.00,58.00,18081.00,619.40,55.30,
218,Sant Sadurní d'Anoia,113.00,15.00,53.00,60.00,22216.00,508.60,67.50,
216,Sant Just Desvern,205.00,28.00,97.00,108.00,18224.00,1124.90,153.60,
162,Montblanc,78.00,14.00,35.00,43.00,15820.00,493.00,88.50,
228,Santa Coloma de Queralt,22.00,2.00,11.00,11.00,3271.00,672.60,61.10,
221,Santa Coloma de Farners,136.00,22.00,73.00,63.00,16550.00,821.80,132.90,
128,Baix Berguedà,86.00,29.00,43.00,43.00,11640.00,738.80,249.10,
82,Berga,193.00,67.00,90.00,103.00,21536.00,896.20,311.10,
130,Alt Berguedà,32.00,11.00,16.00,16.00,4712.00,679.10,233.40,
3,Alfarràs-Almenar,226.00,19.00,105.00,121.00,9668.00,2337.60,196.50,
141,Lleida rural-1 Nord,601.00,41.00,278.00,323.00,23797.00,2525.50,172.30,
8,Arbúcies-Sant Hilari,120.00,7.00,65.00,55.00,12358.00,971.00,56.60,
330,Breda-Hostalric,65.00,12.00,34.00,31.00,12941.00,502.30,92.70,
252,Terrassa-F,709.00,175.00,340.00,369.00,42903.00,1652.60,407.90,
194,Sabadell-3B,259.00,45.00,130.00,129.00,16259.00,1593.00,276.80,
382,Cerdanyola-Ripollet,0.00,#N/D,0.00,0.00,#N/D,#N/D,#N/D,
55,Barcelona-7E,577.00,45.00,230.00,347.00,31316.00,1842.50,143.70,
104,Cerdanyola del Vallès-1,259.00,49.00,118.00,141.00,23991.00,1079.60,204.20,
105,Cerdanyola del Vallès-2,289.00,48.00,141.00,148.00,23995.00,1204.40,200.00,
381,Barcelona 3H,0.00,#N/D,0.00,0.00,#N/D,#N/D,#N/D,
282,Badalona-11,200.00,35.00,95.00,105.00,23217.00,861.40,150.80,
210,Sant Feliu de Llobregat-2,333.00,51.00,165.00,168.00,26671.00,1248.50,191.20,
389,Sant Cugat del Vallès 2,233.00,68.00,117.00,116.00,31770.00,733.40,214.00,
45,Barcelona-5D,178.00,35.00,92.00,86.00,19296.00,922.50,181.40,
298,L'Hospitalet de Llobregat-11,156.00,16.00,86.00,70.00,8697.00,1793.70,184.00,
34,Barcelona-3C,330.00,24.00,157.00,173.00,15289.00,2158.40,157.00,
297,L'Hospitalet de Llobregat-10,208.00,29.00,90.00,118.00,10396.00,2000.80,279.00,
63,Barcelona-8G,378.00,31.00,146.00,232.00,17207.00,2196.80,180.20,
378,Sant Vicenç dels Horts 1,131.00,21.00,68.00,63.00,16552.00,791.40,126.90,
5,Anglès,190.00,61.00,96.00,94.00,12109.00,1569.10,503.80,
199,Salt,1014.00,254.00,483.00,531.00,43416.00,2335.50,585.00,
145,Manresa-1,213.00,23.00,113.00,100.00,22195.00,959.70,103.60,
148,Manresa-4,238.00,40.00,100.00,138.00,22738.00,1046.70,175.90,
250,Terrassa-D,518.00,115.00,243.00,275.00,33123.00,1563.90,347.20,
356,Terrassa-G,404.00,85.00,198.00,206.00,25320.00,1595.60,335.70,
189,Roses,179.00,29.00,98.00,81.00,33008.00,542.30,87.90,
345,Sabadell-4B,242.00,46.00,113.00,129.00,24233.00,998.60,189.80,
248,Terrassa-B,508.00,174.00,228.00,280.00,27907.00,1820.30,623.50,
271,Vilassar de Mar,188.00,14.00,92.00,96.00,25293.00,743.30,55.40,
186,Premià de Mar,277.00,32.00,146.00,131.00,38498.00,719.50,83.10,
296,L'Hospitalet de Llobregat-9,1303.00,113.00,580.00,723.00,29909.00,4356.50,377.80,
191,Sabadell-1B,269.00,27.00,122.00,147.00,21175.00,1270.40,127.50,
225,Santa Coloma de Gramanet-4,445.00,63.00,213.00,232.00,22719.00,1958.70,277.30,
240,Tarragona-2,317.00,56.00,165.00,152.00,28271.00,1121.30,198.10,
257,Torredembarra,257.00,82.00,121.00,136.00,36531.00,703.50,224.50,
242,Tarragona-4,87.00,16.00,36.00,51.00,16379.00,531.20,97.70,
166,El Morell,95.00,10.00,44.00,51.00,12182.00,779.80,82.10,
322,Ciutat Badia,152.00,26.00,71.00,81.00,13873.00,1095.70,187.40,
155,Mataró-4,202.00,19.00,97.00,105.00,22345.00,904.00,85.00,
107,Constantí,102.00,6.00,45.00,57.00,6771.00,1506.40,88.60,
352,Vic-2,113.00,19.00,59.00,54.00,11819.00,956.10,160.80,
288,L'Hospitalet de Llobregat-1,427.00,67.00,201.00,226.00,29344.00,1455.20,228.30,
152,Mataró-1,172.00,25.00,78.00,94.00,19271.00,892.50,129.70,
116,Esplugues de Llobregat-1,560.00,69.00,261.00,299.00,18458.00,3033.90,373.80,
109,Cornellà de Llobregat-2,730.00,42.00,314.00,416.00,26297.00,2776.00,159.70,
25,Barcelona-2E,394.00,65.00,187.00,207.00,33123.00,1189.50,196.20,
97,Castellar del Vallès,189.00,54.00,91.00,98.00,26231.00,720.50,205.90,
192,Sabadell-2,304.00,69.00,162.00,142.00,24621.00,1234.70,280.20,
100,Cassà de la Selva,200.00,28.00,104.00,96.00,32757.00,610.60,85.50,
84,La Bisbal d'Empordà,61.00,5.00,28.00,33.00,16840.00,362.20,29.70,
299,L'Hospitalet de Llobregat-12,440.00,44.00,209.00,231.00,25501.00,1725.40,172.50,
290,L'Hospitalet de Llobregat-3,932.00,69.00,444.00,488.00,25829.00,3608.30,267.10,
205,Sant Boi de Llobregat-4,279.00,22.00,130.00,149.00,20966.00,1330.70,104.90,
39,Barcelona-4A,326.00,61.00,147.00,179.00,28323.00,1151.00,215.40,
280,Badalona-9,257.00,30.00,129.00,128.00,18458.00,1392.40,162.50,
368,Corbera de Llobregat,554.00,61.00,275.00,279.00,20817.00,2661.30,293.00,
1,Agramunt,81.00,13.00,42.00,39.00,6452.00,1255.40,201.50,
273,Badalona-2,160.00,23.00,75.00,85.00,16487.00,970.50,139.50,
204,Sant Boi de Llobregat-3,181.00,13.00,90.00,91.00,11319.00,1599.10,114.90,
70,Barcelona-9F,387.00,30.00,196.00,191.00,10738.00,3604.00,279.40,
27,Barcelona-2G,214.00,35.00,112.00,102.00,21585.00,991.40,162.10,
272,Badalona-1,197.00,18.00,83.00,114.00,12134.00,1623.50,148.30,
223,Santa Coloma de Gramanet-2,361.00,29.00,177.00,184.00,15285.00,2361.80,189.70,
21,Barcelona-2A,584.00,75.00,295.00,289.00,33840.00,1725.80,221.60,
239,Tarragona-1,109.00,26.00,49.00,60.00,14959.00,728.70,173.80,
364,Tarragona 8,71.00,12.00,32.00,39.00,15637.00,454.10,76.70,
311,Sant Adrià de Besòs-1,266.00,68.00,131.00,135.00,20977.00,1268.10,324.20,
24,Barcelona-2D,362.00,30.00,207.00,155.00,19318.00,1873.90,155.30,
18,Barcelona-1C,263.00,32.00,147.00,116.00,14907.00,1764.30,214.70,
316,Vilanova i la Geltrú-1,158.00,23.00,73.00,85.00,24223.00,652.30,95.00,
135,Lleida 1 (Centre Històric-Rambla de Ferran),798.00,19.00,363.00,435.00,17856.00,4469.10,106.40,
303,Reus-1,202.00,26.00,105.00,97.00,13596.00,1485.70,191.20,
244,Tarragona-6,138.00,36.00,62.00,76.00,19992.00,690.30,180.10,
279,Badalona-8,165.00,33.00,79.00,86.00,14867.00,1109.80,222.00,
342,Badalona-7B,469.00,67.00,235.00,234.00,19937.00,2352.40,336.10,
110,Cornellà de Llobregat-3,268.00,19.00,123.00,145.00,13402.00,1999.70,141.80,
22,Barcelona-2B,538.00,50.00,259.00,279.00,30104.00,1787.10,166.10,
243,Tarragona-5,86.00,13.00,42.00,44.00,16617.00,517.50,78.20,
281,Badalona-10,78.00,14.00,40.00,38.00,9976.00,781.90,140.30,
295,L'Hospitalet de Llobregat-8,1006.00,114.00,464.00,542.00,23342.00,4309.80,488.40,
293,L'Hospitalet de Llobregat-6,462.00,58.00,216.00,246.00,23682.00,1950.80,244.90,
289,L'Hospitalet de Llobregat-2,437.00,46.00,205.00,232.00,23044.00,1896.40,199.60,
291,L'Hospitalet de Llobregat-4,1065.00,79.00,488.00,577.00,27524.00,3869.40,287.00,
193,Sabadell-3A,417.00,76.00,202.00,215.00,19885.00,2097.10,382.20,
222,Santa Coloma de Gramanet-1,473.00,51.00,215.00,258.00,22311.00,2120.00,228.60,
42,Barcelona-5A,375.00,52.00,159.00,216.00,28337.00,1323.40,183.50,
190,Sabadell-1A,326.00,58.00,129.00,197.00,34054.00,957.30,170.30,
247,Terrassa-A,605.00,126.00,298.00,307.00,41754.00,1449.00,301.80,
33,Barcelona-3B,603.00,68.00,296.00,307.00,24899.00,2421.80,273.10,
35,Barcelona-3D,613.00,57.00,286.00,327.00,31489.00,1946.70,181.00,
17,Barcelona-1B,300.00,40.00,160.00,140.00,22209.00,1350.80,180.10,
28,Barcelona-2H,335.00,20.00,146.00,189.00,26061.00,1285.40,76.70,
20,Barcelona-1E,603.00,108.00,362.00,241.00,21713.00,2777.10,497.40,
48,Barcelona-6B,274.00,28.00,125.00,149.00,26338.00,1040.30,106.30,
47,Barcelona-6A,417.00,50.00,209.00,208.00,30428.00,1370.40,164.30,
30,Barcelona-2J,369.00,46.00,186.00,183.00,27365.00,1348.40,168.10,
29,Barcelona-2I,283.00,46.00,122.00,161.00,20727.00,1365.40,221.90,
31,Barcelona-2K,391.00,44.00,176.00,215.00,25670.00,1523.20,171.40,
75,Barcelona-10E,208.00,21.00,99.00,109.00,17281.00,1203.60,121.50,
76,Barcelona-10F,330.00,26.00,158.00,172.00,24358.00,1354.80,106.70,
52,Barcelona-7B,153.00,27.00,60.00,93.00,19314.00,792.20,139.80,
326,Barcelona-7G,449.00,41.00,214.00,235.00,32584.00,1378.00,125.80,
400,Barcelona 3I,569.00,45.00,267.00,302.00,25930.00,2194.40,173.50,
40,Barcelona-4B,228.00,24.00,103.00,125.00,21664.00,1052.40,110.80,
44,Barcelona-5C,239.00,46.00,108.00,131.00,27068.00,883.00,169.90,
327,Barcelona-8I,329.00,56.00,162.00,167.00,18368.00,1791.20,304.90,
46,Barcelona-5E,248.00,48.00,115.00,133.00,34022.00,728.90,141.10,
53,Barcelona-7C,283.00,39.00,114.00,169.00,19730.00,1434.40,197.70,
50,Barcelona-6D,185.00,28.00,85.00,100.00,21658.00,854.20,129.30,
358,Barcelona-6E,181.00,29.00,85.00,96.00,23409.00,773.20,123.90,
51,Barcelona-7A,335.00,29.00,163.00,172.00,21769.00,1538.90,133.20,
54,Barcelona-7D,384.00,38.00,167.00,217.00,28160.00,1363.60,134.90,
62,Barcelona-8F,357.00,34.00,170.00,187.00,25652.00,1391.70,132.50,
56,Barcelona-7F,263.00,25.00,116.00,147.00,20549.00,1279.90,121.70,
385,Barcelona 8J,393.00,56.00,195.00,198.00,25175.00,1561.10,222.40,
67,Barcelona-9C,570.00,75.00,270.00,300.00,34931.00,1631.80,214.70,
395,Barcelona 9H,302.00,36.00,138.00,164.00,31024.00,973.40,116.00,
65,Barcelona-9A,617.00,46.00,307.00,310.00,34455.00,1790.70,133.50,
78,Barcelona-10H,252.00,20.00,123.00,129.00,20091.00,1254.30,99.50,
77,Barcelona-10G,335.00,30.00,176.00,159.00,24210.00,1383.70,123.90,
73,Barcelona-10C,307.00,40.00,153.00,154.00,23408.00,1311.50,170.90,
277,Badalona-6,467.00,80.00,228.00,239.00,24300.00,1921.80,329.20,
276,Badalona-5,527.00,110.00,278.00,249.00,19102.00,2758.90,575.90,
388,Sant Cugat del Vallès 1,314.00,90.00,143.00,171.00,30923.00,1015.40,291.00,
36,Barcelona-3E,451.00,52.00,224.00,227.00,21444.00,2103.20,242.50,
398,Vilafranca del Penedès 2,202.00,12.00,78.00,124.00,21643.00,933.30,55.40,
137,Lleida 3 (Eixample),720.00,28.00,312.00,408.00,21214.00,3394.00,132.00,
139,Lleida 5 (Cappont),396.00,34.00,184.00,212.00,15941.00,2484.20,213.30,
365,Pallejà,426.00,51.00,195.00,231.00,37250.00,1143.60,136.90,
397,Vilafranca del Penedès 1,217.00,10.00,91.00,126.00,19932.00,1088.70,50.20,
198,Sabadell-7,119.00,20.00,57.00,62.00,9121.00,1304.70,219.30,
384,Montcada i Reixac 2,254.00,30.00,127.00,127.00,13539.00,1876.10,221.60,
386,Ripollet 1,232.00,36.00,118.00,114.00,17943.00,1293.00,200.60,
196,Sabadell-5,238.00,38.00,136.00,102.00,19827.00,1200.40,191.70,
344,Sabadell-4A,248.00,56.00,112.00,136.00,15001.00,1653.20,373.30,
7,Aran,111.00,30.00,52.00,59.00,9268.00,1197.70,323.70,
180,Alta Ribagorça,24.00,#N/D,14.00,10.00,3452.00,695.20,#N/D,
259,Tremp,44.00,5.00,15.00,29.00,8062.00,545.80,62.00,
174,Pallars Sobirà,36.00,5.00,24.00,12.00,5879.00,612.30,85.00,
179,La Pobla de Segur,35.00,2.00,13.00,22.00,4236.00,826.30,47.20,
233,La Seu d'Urgell,170.00,21.00,84.00,86.00,16222.00,1048.00,129.50,
103,Cerdanya,366.00,71.00,177.00,189.00,16345.00,2239.20,434.40,
343,Ribes de Freser-Campdevànol,9.00,3.00,1.00,8.00,5719.00,157.40,52.50,
260,Ulldecona,32.00,10.00,14.00,18.00,11891.00,269.10,84.10,
92,Camprodon,17.00,#N/D,10.00,7.00,4004.00,424.60,#N/D,
83,Besalú,36.00,11.00,15.00,21.00,6201.00,580.60,177.40,
307,Reus-5,380.00,70.00,195.00,185.00,27816.00,1366.10,251.70,
304,Reus-2,366.00,63.00,168.00,198.00,26991.00,1356.00,233.40,
231,Sarrià de Ter,152.00,18.00,65.00,87.00,13920.00,1092.00,129.30,
80,Bàscara,87.00,15.00,35.00,52.00,4596.00,1893.00,326.40,
187,Ripoll-Sant Joan de les Abadesses,167.00,22.00,91.00,76.00,14495.00,1152.10,151.80,
346,Sant Joan les Fonts,41.00,8.00,17.00,24.00,5191.00,789.80,154.10,
171,Olot,386.00,63.00,191.00,195.00,39591.00,975.00,159.10,
15,Banyoles,290.00,98.00,134.00,156.00,32397.00,895.10,302.50,
173,Palamós,161.00,33.00,71.00,90.00,28960.00,555.90,114.00,
142,Lloret de Mar,193.00,41.00,97.00,96.00,40253.00,479.50,101.90,
85,Blanes,342.00,52.00,170.00,172.00,39161.00,873.30,132.80,
283,Badalona-12,109.00,23.00,53.00,56.00,11596.00,940.00,198.30,
317,Vilanova i la Geltrú-2,127.00,17.00,54.00,73.00,24010.00,528.90,70.80,
266,Viladecans-2,339.00,46.00,156.00,183.00,22541.00,1503.90,204.10,
147,Manresa-3,165.00,26.00,69.00,96.00,14720.00,1120.90,176.60,
146,Manresa-2,240.00,42.00,110.00,130.00,23300.00,1030.00,180.30,
59,Barcelona-8C,630.00,66.00,293.00,337.00,24581.00,2563.00,268.50,
371,Igualada 1,257.00,29.00,115.00,142.00,20690.00,1242.10,140.20,
372,Igualada 2,171.00,37.00,82.00,89.00,20532.00,832.80,180.20,
126,Girona-3,454.00,79.00,208.00,246.00,35901.00,1264.60,220.00,
391,Palau-solità i Plegamans,139.00,16.00,68.00,71.00,15071.00,922.30,106.20,
175,Parets del Vallès,222.00,26.00,104.00,118.00,18846.00,1178.00,138.00,
348,Mollet del Vallès-1 Est,403.00,42.00,174.00,229.00,28691.00,1404.60,146.40,
287,Granollers-4 Sud,394.00,57.00,198.00,196.00,16437.00,2397.00,346.80,
284,Granollers-1 Oest,663.00,89.00,335.00,328.00,23226.00,2854.60,383.20,
285,Granollers-2 Nord,610.00,91.00,284.00,326.00,30472.00,2001.80,298.60,
95,Cardedeu,188.00,44.00,83.00,105.00,21554.00,872.20,204.10,
315,Vall de Tenes,372.00,90.00,180.00,192.00,36908.00,1007.90,243.80,
89,Caldes de Montbui,177.00,23.00,76.00,101.00,23787.00,744.10,96.70,
350,Tarragona-7,468.00,129.00,203.00,265.00,27389.00,1708.70,471.00,
351,Vic-1,543.00,120.00,275.00,268.00,25733.00,2110.10,466.30,
159,Moià,86.00,18.00,47.00,39.00,10163.00,846.20,177.10,
121,La Garriga,292.00,39.00,150.00,142.00,29200.00,1000.00,133.60,
102,Centelles,77.00,18.00,42.00,35.00,12389.00,621.50,145.30,
253,Tona,118.00,15.00,53.00,65.00,12383.00,952.90,121.10,
238,Santa Eugènia de Berga,253.00,71.00,119.00,134.00,17969.00,1408.00,395.10,
219,Sant Vicenç de Castellet,119.00,13.00,55.00,64.00,15374.00,774.00,84.60,
41,Barcelona-4C,330.00,36.00,149.00,181.00,30826.00,1070.50,116.80,
117,Esplugues de Llobregat-2,346.00,32.00,169.00,177.00,28873.00,1198.40,110.80,
209,Sant Feliu de Llobregat-1,277.00,29.00,134.00,143.00,18321.00,1511.90,158.30,
203,Sant Boi de Llobregat-2,378.00,47.00,168.00,210.00,21901.00,1725.90,214.60,
2,Alcarràs,1012.00,7.00,405.00,607.00,14052.00,7201.80,49.80,
232,Seròs,327.00,6.00,133.00,194.00,6800.00,4808.80,88.20,
387,Ripollet 2,152.00,23.00,81.00,71.00,15064.00,1009.00,152.70,
224,Santa Coloma de Gramanet-3,328.00,59.00,156.00,172.00,19500.00,1682.10,302.60,
182,El Prat de Llobregat-1,217.00,21.00,105.00,112.00,21657.00,1002.00,97.00,
108,Cornellà de Llobregat-1,470.00,45.00,213.00,257.00,32934.00,1427.10,136.60,
213,Sant Joan Despí-1,196.00,31.00,108.00,88.00,20318.00,964.70,152.60,
64,Barcelona-8H,360.00,23.00,180.00,180.00,15847.00,2271.70,145.10,
249,Terrassa-C,153.00,30.00,69.00,84.00,10947.00,1397.60,274.00,
396,Barcelona 9I,320.00,24.00,145.00,175.00,24833.00,1288.60,96.60,
114,L'Escala,86.00,19.00,51.00,35.00,15668.00,548.90,121.30,
208,Sant Feliu de Guíxols,436.00,50.00,232.00,204.00,35945.00,1213.00,139.10,
207,Sant Celoni,257.00,46.00,122.00,135.00,35630.00,721.30,129.10,
376,Roda de Ter,221.00,21.00,112.00,109.00,20821.00,1061.40,100.90,
336,Tordera,101.00,23.00,50.00,51.00,17801.00,567.40,129.20,
93,Canet de Mar,241.00,55.00,106.00,135.00,23294.00,1034.60,236.10,
90,Calella,146.00,17.00,68.00,78.00,19056.00,766.20,89.20,
9,Arenys de Mar,197.00,27.00,109.00,88.00,24380.00,808.00,110.70,
335,Sant Andreu de Llavaneres,174.00,30.00,90.00,84.00,18868.00,922.20,159.00,
153,Mataró-2,162.00,38.00,78.00,84.00,17597.00,920.60,215.90,
309,Rubí-1 Nord,347.00,69.00,167.00,180.00,31854.00,1089.30,216.60,
